{
  "GET /api/token-bucket/primary" : {
    "transaction" : "GET /api/token-bucket/primary",
    "sampleCount" : 209792,
    "errorCount" : 209792,
    "errorPct" : 100.0,
    "meanResTime" : 12.996062766931193,
    "medianResTime" : 10.0,
    "minResTime" : 0.0,
    "maxResTime" : 113.0,
    "pct1ResTime" : 15.0,
    "pct2ResTime" : 18.0,
    "pct3ResTime" : 26.0,
    "throughput" : 6994.69876304471,
    "receivedKBytesPerSec" : 3385.539763965759,
    "sentKBytesPerSec" : 1174.8908078551663
  },
  "GET /api/sliding-window/primary" : {
    "transaction" : "GET /api/sliding-window/primary",
    "sampleCount" : 210096,
    "errorCount" : 210087,
    "errorPct" : 99.99572,
    "meanResTime" : 12.971141763765269,
    "medianResTime" : 10.0,
    "minResTime" : 0.0,
    "maxResTime" : 149.0,
    "pct1ResTime" : 15.0,
    "pct2ResTime" : 18.0,
    "pct3ResTime" : 27.0,
    "throughput" : 7003.433447781593,
    "receivedKBytesPerSec" : 3411.4076914542984,
    "sentKBytesPerSec" : 1190.0365428847629
  },
  "GET /api/free" : {
    "transaction" : "GET /api/free",
    "sampleCount" : 537714,
    "errorCount" : 0,
    "errorPct" : 0.0,
    "meanResTime" : 5.033923238003709,
    "medianResTime" : 7.0,
    "minResTime" : 0.0,
    "maxResTime" : 52.0,
    "pct1ResTime" : 11.0,
    "pct2ResTime" : 12.0,
    "pct3ResTime" : 14.0,
    "throughput" : 17936.953766095136,
    "receivedKBytesPerSec" : 4531.701568129128,
    "sentKBytesPerSec" : 2189.569551525285
  },
  "Total" : {
    "transaction" : "Total",
    "sampleCount" : 1491621,
    "errorCount" : 953886,
    "errorPct" : 63.949623,
    "meanResTime" : 7.2854444929379865,
    "medianResTime" : 8.0,
    "minResTime" : 0.0,
    "maxResTime" : 149.0,
    "pct1ResTime" : 12.0,
    "pct2ResTime" : 14.0,
    "pct3ResTime" : 23.9900000000016,
    "throughput" : 49722.357411913734,
    "receivedKBytesPerSec" : 19404.787418695207,
    "sentKBytesPerSec" : 6760.498494481067
  },
  "GET /api/strict" : {
    "transaction" : "GET /api/strict",
    "sampleCount" : 534019,
    "errorCount" : 534007,
    "errorPct" : 99.99775,
    "meanResTime" : 5.07220904125136,
    "medianResTime" : 7.0,
    "minResTime" : 0.0,
    "maxResTime" : 129.0,
    "pct1ResTime" : 11.0,
    "pct2ResTime" : 12.0,
    "pct3ResTime" : 14.0,
    "throughput" : 17810.13207043757,
    "receivedKBytesPerSec" : 8084.029972235192,
    "sentKBytesPerSec" : 2208.873801704659
  }
}