{
  "GET /api/sliding-window/primary" : {
    "transaction" : "GET /api/sliding-window/primary",
    "sampleCount" : 237983,
    "errorCount" : 237974,
    "errorPct" : 99.996216,
    "meanResTime" : 11.37343423689922,
    "medianResTime" : 9.0,
    "minResTime" : 0.0,
    "maxResTime" : 144.0,
    "pct1ResTime" : 13.0,
    "pct2ResTime" : 15.0,
    "pct3ResTime" : 21.0,
    "throughput" : 7933.031101036701,
    "receivedKBytesPerSec" : 3864.210349980416,
    "sentKBytesPerSec" : 1347.9955191214708
  },
  "GET /api/token-bucket/primary" : {
    "transaction" : "GET /api/token-bucket/primary",
    "sampleCount" : 238254,
    "errorCount" : 238253,
    "errorPct" : 99.99958,
    "meanResTime" : 11.366235194372193,
    "medianResTime" : 9.0,
    "minResTime" : 0.0,
    "maxResTime" : 132.0,
    "pct1ResTime" : 13.0,
    "pct2ResTime" : 15.0,
    "pct3ResTime" : 20.0,
    "throughput" : 7942.594259425942,
    "receivedKBytesPerSec" : 3844.9579007379903,
    "sentKBytesPerSec" : 1334.1076295129512
  },
  "GET /api/free" : {
    "transaction" : "GET /api/free",
    "sampleCount" : 509963,
    "errorCount" : 0,
    "errorPct" : 0.0,
    "meanResTime" : 5.256659796887067,
    "medianResTime" : 6.0,
    "minResTime" : 0.0,
    "maxResTime" : 97.0,
    "pct1ResTime" : 10.0,
    "pct2ResTime" : 11.0,
    "pct3ResTime" : 12.0,
    "throughput" : 17007.270301817574,
    "receivedKBytesPerSec" : 4296.831553797732,
    "sentKBytesPerSec" : 2076.082800514841
  },
  "Total" : {
    "transaction" : "Total",
    "sampleCount" : 1491156,
    "errorCount" : 981171,
    "errorPct" : 65.799355,
    "meanResTime" : 7.226113163210464,
    "medianResTime" : 8.0,
    "minResTime" : 0.0,
    "maxResTime" : 144.0,
    "pct1ResTime" : 11.0,
    "pct2ResTime" : 12.0,
    "pct3ResTime" : 17.0,
    "throughput" : 49706.85689522984,
    "receivedKBytesPerSec" : 19643.827157519834,
    "sentKBytesPerSec" : 6844.743685466599
  },
  "GET /api/strict" : {
    "transaction" : "GET /api/strict",
    "sampleCount" : 504956,
    "errorCount" : 504944,
    "errorPct" : 99.99763,
    "meanResTime" : 5.307046554551373,
    "medianResTime" : 6.0,
    "minResTime" : 0.0,
    "maxResTime" : 98.0,
    "pct1ResTime" : 10.0,
    "pct2ResTime" : 11.0,
    "pct3ResTime" : 12.0,
    "throughput" : 16836.917741989266,
    "receivedKBytesPerSec" : 7642.126915418376,
    "sentKBytesPerSec" : 2088.1724152662464
  }
}