{
  "GET /api/sliding-window/primary" : {
    "transaction" : "GET /api/sliding-window/primary",
    "sampleCount" : 212671,
    "errorCount" : 212662,
    "errorPct" : 99.995766,
    "meanResTime" : 12.788903987849835,
    "medianResTime" : 10.0,
    "minResTime" : 0.0,
    "maxResTime" : 159.0,
    "pct1ResTime" : 16.0,
    "pct2ResTime" : 19.0,
    "pct3ResTime" : 23.0,
    "throughput" : 7087.615810171299,
    "receivedKBytesPerSec" : 3452.3524657047756,
    "sentKBytesPerSec" : 1204.3409677439513
  },
  "GET /api/token-bucket/primary" : {
    "transaction" : "GET /api/token-bucket/primary",
    "sampleCount" : 212700,
    "errorCount" : 212699,
    "errorPct" : 99.99953,
    "meanResTime" : 12.788486130700553,
    "medianResTime" : 10.0,
    "minResTime" : 0.0,
    "maxResTime" : 158.0,
    "pct1ResTime" : 16.0,
    "pct2ResTime" : 19.0,
    "pct3ResTime" : 23.0,
    "throughput" : 7091.654719434534,
    "receivedKBytesPerSec" : 3430.9800867598274,
    "sentKBytesPerSec" : 1191.1763786550196
  },
  "GET /api/free" : {
    "transaction" : "GET /api/free",
    "sampleCount" : 480033,
    "errorCount" : 0,
    "errorPct" : 0.0,
    "meanResTime" : 5.615478519185088,
    "medianResTime" : 6.0,
    "minResTime" : 0.0,
    "maxResTime" : 125.0,
    "pct1ResTime" : 10.0,
    "pct2ResTime" : 11.0,
    "pct3ResTime" : 14.0,
    "throughput" : 16011.240452286447,
    "receivedKBytesPerSec" : 4045.1839224738164,
    "sentKBytesPerSec" : 1954.4971255232479
  },
  "Total" : {
    "transaction" : "Total",
    "sampleCount" : 1383675,
    "errorCount" : 903620,
    "errorPct" : 65.3058,
    "meanResTime" : 7.828091134117561,
    "medianResTime" : 6.0,
    "minResTime" : 0.0,
    "maxResTime" : 159.0,
    "pct1ResTime" : 13.0,
    "pct2ResTime" : 17.0,
    "pct3ResTime" : 21.0,
    "throughput" : 46111.74059386143,
    "receivedKBytesPerSec" : 18158.03308004174,
    "sentKBytesPerSec" : 6324.490952111174
  },
  "GET /api/strict" : {
    "transaction" : "GET /api/strict",
    "sampleCount" : 478271,
    "errorCount" : 478259,
    "errorPct" : 99.99749,
    "meanResTime" : 5.63692759962455,
    "medianResTime" : 6.0,
    "minResTime" : 0.0,
    "maxResTime" : 107.0,
    "pct1ResTime" : 10.0,
    "pct2ResTime" : 11.0,
    "pct3ResTime" : 14.0,
    "throughput" : 15951.405796618083,
    "receivedKBytesPerSec" : 7240.528486975953,
    "sentKBytesPerSec" : 1978.3481798540006
  }
}