{
  "GET /api/sliding-window/primary" : {
    "transaction" : "GET /api/sliding-window/primary",
    "sampleCount" : 176039,
    "errorCount" : 176030,
    "errorPct" : 99.99489,
    "meanResTime" : 15.478922284266584,
    "medianResTime" : 12.0,
    "minResTime" : 0.0,
    "maxResTime" : 160.0,
    "pct1ResTime" : 24.0,
    "pct2ResTime" : 28.0,
    "pct3ResTime" : 36.0,
    "throughput" : 5867.771074297523,
    "receivedKBytesPerSec" : 2858.168692553998,
    "sentKBytesPerSec" : 997.0626630153995
  },
  "GET /api/token-bucket/primary" : {
    "transaction" : "GET /api/token-bucket/primary",
    "sampleCount" : 176559,
    "errorCount" : 176558,
    "errorPct" : 99.999435,
    "meanResTime" : 15.430960755328316,
    "medianResTime" : 12.0,
    "minResTime" : 0.0,
    "maxResTime" : 157.0,
    "pct1ResTime" : 24.0,
    "pct2ResTime" : 28.0,
    "pct3ResTime" : 35.0,
    "throughput" : 5887.066119835951,
    "receivedKBytesPerSec" : 2849.902399105148,
    "sentKBytesPerSec" : 988.8431373161949
  },
  "GET /api/free" : {
    "transaction" : "GET /api/free",
    "sampleCount" : 585304,
    "errorCount" : 0,
    "errorPct" : 0.0,
    "meanResTime" : 4.60916207645928,
    "medianResTime" : 5.0,
    "minResTime" : 0.0,
    "maxResTime" : 134.0,
    "pct1ResTime" : 9.0,
    "pct2ResTime" : 10.0,
    "pct3ResTime" : 12.0,
    "throughput" : 19527.05678254487,
    "receivedKBytesPerSec" : 4933.432249355692,
    "sentKBytesPerSec" : 2383.6739236504973
  },
  "Total" : {
    "transaction" : "Total",
    "sampleCount" : 1522002,
    "errorCount" : 936676,
    "errorPct" : 61.542362,
    "meanResTime" : 7.125574736432524,
    "medianResTime" : 9.0,
    "minResTime" : 0.0,
    "maxResTime" : 160.0,
    "pct1ResTime" : 13.0,
    "pct2ResTime" : 15.0,
    "pct3ResTime" : 21.0,
    "throughput" : 50731.70894303523,
    "receivedKBytesPerSec" : 19473.473963628294,
    "sentKBytesPerSec" : 6781.760725163328
  },
  "GET /api/strict" : {
    "transaction" : "GET /api/strict",
    "sampleCount" : 584100,
    "errorCount" : 584088,
    "errorPct" : 99.99795,
    "meanResTime" : 4.619087485019814,
    "medianResTime" : 5.0,
    "minResTime" : 0.0,
    "maxResTime" : 120.0,
    "pct1ResTime" : 9.0,
    "pct2ResTime" : 10.0,
    "pct3ResTime" : 12.0,
    "throughput" : 19483.63854698289,
    "receivedKBytesPerSec" : 8843.845770164115,
    "sentKBytesPerSec" : 2416.4278276043233
  }
}