{
  "GET /api/sliding-window/primary" : {
    "transaction" : "GET /api/sliding-window/primary",
    "sampleCount" : 204953,
    "errorCount" : 204943,
    "errorPct" : 99.99512,
    "meanResTime" : 13.248159334091254,
    "medianResTime" : 10.0,
    "minResTime" : 0.0,
    "maxResTime" : 127.0,
    "pct1ResTime" : 16.0,
    "pct2ResTime" : 20.0,
    "pct3ResTime" : 27.0,
    "throughput" : 6828.807516742745,
    "receivedKBytesPerSec" : 3326.2536754906205,
    "sentKBytesPerSec" : 1160.363777259021
  },
  "GET /api/token-bucket/primary" : {
    "transaction" : "GET /api/token-bucket/primary",
    "sampleCount" : 204799,
    "errorCount" : 204798,
    "errorPct" : 99.99951,
    "meanResTime" : 13.262877260142682,
    "medianResTime" : 10.0,
    "minResTime" : 0.0,
    "maxResTime" : 157.0,
    "pct1ResTime" : 16.0,
    "pct2ResTime" : 20.0,
    "pct3ResTime" : 27.0,
    "throughput" : 6826.633333333333,
    "receivedKBytesPerSec" : 3302.5467122395835,
    "sentKBytesPerSec" : 1146.6610677083333
  },
  "GET /api/free" : {
    "transaction" : "GET /api/free",
    "sampleCount" : 495956,
    "errorCount" : 0,
    "errorPct" : 0.0,
    "meanResTime" : 5.42570510287183,
    "medianResTime" : 5.0,
    "minResTime" : 0.0,
    "maxResTime" : 107.0,
    "pct1ResTime" : 10.0,
    "pct2ResTime" : 11.0,
    "pct3ResTime" : 13.0,
    "throughput" : 16541.791741711695,
    "receivedKBytesPerSec" : 4179.222768035822,
    "sentKBytesPerSec" : 2019.2616872206659
  },
  "Total" : {
    "transaction" : "Total",
    "sampleCount" : 1399777,
    "errorCount" : 903798,
    "errorPct" : 64.56728,
    "meanResTime" : 7.723861015004723,
    "medianResTime" : 8.0,
    "minResTime" : 0.0,
    "maxResTime" : 157.0,
    "pct1ResTime" : 11.0,
    "pct2ResTime" : 12.0,
    "pct3ResTime" : 16.0,
    "throughput" : 46637.469181048844,
    "receivedKBytesPerSec" : 18274.01522518658,
    "sentKBytesPerSec" : 6365.145256432415
  },
  "GET /api/strict" : {
    "transaction" : "GET /api/strict",
    "sampleCount" : 494069,
    "errorCount" : 494057,
    "errorPct" : 99.997574,
    "meanResTime" : 5.443162797099223,
    "medianResTime" : 5.0,
    "minResTime" : 0.0,
    "maxResTime" : 89.0,
    "pct1ResTime" : 10.0,
    "pct2ResTime" : 11.0,
    "pct3ResTime" : 13.0,
    "throughput" : 16475.00750275101,
    "receivedKBytesPerSec" : 7478.328153916853,
    "sentKBytesPerSec" : 2043.2870633294708
  }
}